{
  "status": "SUCCESS",
  "run_date": "2026-05-15T20:59:00.937675",
  "target": "fwd_return_3m",
  "best_model": "xgboost",
  "best_ic": 0.7243,
  "best_mae": 0.001306,
  "best_dir_acc": 1.0,
  "fund_count": 24,
  "model_comparison": {
    "ridge": {
      "mae": 0.000199,
      "rmse": 0.000207,
      "dir_acc": 1.0,
      "ic": 0.6164
    },
    "random_forest": {
      "mae": 0.000567,
      "rmse": 0.000599,
      "dir_acc": 1.0,
      "ic": 0.6676
    },
    "xgboost": {
      "mae": 0.001306,
      "rmse": 0.001659,
      "dir_acc": 1.0,
      "ic": 0.7243
    }
  },
  "top_features": {
    "return_1m": 0.7699412703514099,
    "return_3m": 0.2109203040599823,
    "return_6m": 0.017450327053666115,
    "return_12m": 0.0016881799092516303,
    "vol_3m": 0.0,
    "vol_6m": 0.0,
    "momentum_1m_3m": 0.0,
    "momentum_3m_6m": 0.0,
    "zscore_1m": 0.0,
    "sharpe_6m": 0.0
  },
  "predictions_count": 23
}