{
  "status": "SUCCESS",
  "run_date": "2026-05-08T02:00:50.580466",
  "run_time_sec": 4.6,
  "fund_count": 24,
  "dataset_shape": [
    576,
    20
  ],
  "target": "fwd_return_3m",
  "targets": [
    "fwd_return_3m",
    "fwd_return_12m"
  ],
  "best_model": "ridge",
  "best_ic": 0.4396,
  "best_mae": 0.000421,
  "best_dir_acc": 1.0,
  "model_comparison": {
    "ridge": {
      "mae": 0.000421,
      "rmse": 0.000471,
      "dir_acc": 1.0,
      "ic": 0.4396
    },
    "random_forest": {
      "mae": 0.001543,
      "rmse": 0.001773,
      "dir_acc": 1.0,
      "ic": 0.165
    },
    "xgboost": {
      "mae": 0.003066,
      "rmse": 0.003128,
      "dir_acc": 1.0,
      "ic": 0.3527
    }
  },
  "top_features": {
    "return_1m": 0.34655167649821866,
    "return_3m": 0.2895762211353332,
    "return_6m": 0.20424416011477117,
    "sharpe_6m": 0.06473008195274067,
    "return_12m": 0.04057524264160971,
    "drawdown": 0.01658861997352717,
    "drawdown_6m": 0.016588619973429645,
    "vol_6m": 0.009015849841746758,
    "zscore_1m": 0.0029153281542509,
    "momentum_1m_3m": 0.002556380984752943
  },
  "predictions_count": 24
}